<?xml version='1.0' encoding='UTF-8'?>
<widget xmlns="http://www.w3.org/ns/widgets" xmlns:intelxdk="http://xdk.intel.com/ns/v1" id="com.lending.dmmmsu" version="0.0.2" android-versionCode="2">
<!--This file is generated by the Intel XDK. Do not edit this file as your edits will be lost.           -->
<!--To change the contents of this file, see the documentation on the intelxdk.config.additions.xml file.-->
<intelxdk:version value="1.0"/>
<intelxdk:cordova-cli version="4.1.2"/>
<name>lending</name>
<description>Mobile application for OUS Lending System.</description>
<author>Jonathan Bravo</author>
<content src="index.html"/>
<access origin="*" launch-external="yes"/>
<icon platform="android" src="ldpi.png" density="ldpi" width="36" height="36"/>
<icon platform="android" src="mdpi.png" density="mdpi" width="48" height="48"/>
<icon platform="android" src="hdpi.png" density="hdpi" width="72" height="72"/>
<icon platform="android" src="xhdpi.png" density="xhdpi" width="96" height="96"/>
<preference name="android-minSdkVersion" value="10"/>
<preference name="android-targetSdkVersion" value="19"/>
<preference name="android-installLocation" value="auto"/>
<!--creationInfo:{"src":"","projectTypeName":"com.intel.xdk.projecttype.webapp"}--></widget>